<?xml version="1.0" encoding="UTF-8"?>
<FileZilla3 version="3.24.0" platform="windows">
	<Servers>
		<Server>
			<Host>192.169.243.43</Host>
			<Port>21</Port>
			<Protocol>6</Protocol>
			<Type>0</Type>
			<User>busindna</User>
			<Pass encoding="base64">VyplKmIhMjAxNUA=</Pass>
			<Logontype>1</Logontype>
			<TimezoneOffset>0</TimezoneOffset>
			<PasvMode>MODE_DEFAULT</PasvMode>
			<MaximumMultipleConnections>0</MaximumMultipleConnections>
			<EncodingType>Auto</EncodingType>
			<BypassProxy>0</BypassProxy>
			<Name>Businessdna</Name>
			<Comments />
			<Colour>0</Colour>
			<LocalDir />
			<RemoteDir />
			<SyncBrowsing>0</SyncBrowsing>
			<DirectoryComparison>0</DirectoryComparison>Businessdna</Server>
		<Server>
			<Host>192.169.243.43</Host>
			<Port>21</Port>
			<Protocol>6</Protocol>
			<Type>0</Type>
			<User>communic</User>
			<Pass encoding="base64">VyplKmIhMjAxNUA=</Pass>
			<Logontype>1</Logontype>
			<TimezoneOffset>0</TimezoneOffset>
			<PasvMode>MODE_DEFAULT</PasvMode>
			<MaximumMultipleConnections>0</MaximumMultipleConnections>
			<EncodingType>Auto</EncodingType>
			<BypassProxy>0</BypassProxy>
			<Name>Communicationdna-new</Name>
			<Comments />
			<Colour>0</Colour>
			<LocalDir />
			<RemoteDir />
			<SyncBrowsing>0</SyncBrowsing>
			<DirectoryComparison>0</DirectoryComparison>Communicationdna-new</Server>
		<Server>
			<Host>192.169.243.43</Host>
			<Port>21</Port>
			<Protocol>4</Protocol>
			<Type>0</Type>
			<User>dnabehav</User>
			<Pass encoding="base64">VyplKmIhMjAxNUA=</Pass>
			<Logontype>1</Logontype>
			<TimezoneOffset>0</TimezoneOffset>
			<PasvMode>MODE_DEFAULT</PasvMode>
			<MaximumMultipleConnections>0</MaximumMultipleConnections>
			<EncodingType>Auto</EncodingType>
			<BypassProxy>0</BypassProxy>
			<Name>dnabehavior.com</Name>
			<Comments />
			<Colour>0</Colour>
			<LocalDir />
			<RemoteDir />
			<SyncBrowsing>0</SyncBrowsing>
			<DirectoryComparison>0</DirectoryComparison>dnabehavior.com</Server>
		<Server>
			<Host>192.169.243.43</Host>
			<Port>21</Port>
			<Protocol>0</Protocol>
			<Type>0</Type>
			<User>finandna</User>
			<Pass encoding="base64">VyplKmIhMjAxNUA=</Pass>
			<Logontype>1</Logontype>
			<TimezoneOffset>0</TimezoneOffset>
			<PasvMode>MODE_DEFAULT</PasvMode>
			<MaximumMultipleConnections>0</MaximumMultipleConnections>
			<EncodingType>Auto</EncodingType>
			<BypassProxy>0</BypassProxy>
			<Name>Financialdna.com</Name>
			<Comments />
			<Colour>0</Colour>
			<LocalDir />
			<RemoteDir />
			<SyncBrowsing>0</SyncBrowsing>
			<DirectoryComparison>0</DirectoryComparison>Financialdna.com</Server>
		<Server>
			<Host>192.169.243.43</Host>
			<Port>21</Port>
			<Protocol>4</Protocol>
			<Type>0</Type>
			<User>smartbehav</User>
			<Pass encoding="base64">VyplKmIhMjAxNUA=</Pass>
			<Logontype>1</Logontype>
			<TimezoneOffset>0</TimezoneOffset>
			<PasvMode>MODE_DEFAULT</PasvMode>
			<MaximumMultipleConnections>0</MaximumMultipleConnections>
			<EncodingType>Auto</EncodingType>
			<BypassProxy>0</BypassProxy>
			<Name>Smartbehav</Name>
			<Comments />
			<Colour>0</Colour>
			<LocalDir />
			<RemoteDir />
			<SyncBrowsing>0</SyncBrowsing>
			<DirectoryComparison>0</DirectoryComparison>Smartbehav</Server>
	</Servers>
</FileZilla3>
